District,State,Latitude,Longitude
East,Sikkim,27.4142,88.806
East,Sikkim,27.4112,88.8071
East,Sikkim,27.4086,88.8081
East,Sikkim,27.4052,88.8093
East,Sikkim,27.4048,88.8101
East,Sikkim,27.4043,88.8101
East,Sikkim,27.4032,88.8114
East,Sikkim,27.403,88.8118
East,Sikkim,27.4026,88.8118
East,Sikkim,27.4007,88.8175
East,Sikkim,27.3993,88.8192
East,Sikkim,27.3993,88.8193
East,Sikkim,27.3992,88.8193
East,Sikkim,27.3974,88.8208
East,Sikkim,27.3957,88.8217
East,Sikkim,27.3941,88.8224
East,Sikkim,27.3914,88.8254
East,Sikkim,27.391,88.8254
East,Sikkim,27.3906,88.8254
East,Sikkim,27.3888,88.8312
East,Sikkim,27.3865,88.8327
East,Sikkim,27.3865,88.8332
East,Sikkim,27.3865,88.8335
East,Sikkim,27.3861,88.8335
East,Sikkim,27.3858,88.8342
East,Sikkim,27.3846,88.8344
East,Sikkim,27.3829,88.8347
East,Sikkim,27.3824,88.8355
East,Sikkim,27.3788,88.8383
East,Sikkim,27.3782,88.8398
East,Sikkim,27.3777,88.8413
East,Sikkim,27.3779,88.8423
East,Sikkim,27.3791,88.8441
East,Sikkim,27.3797,88.8445
East,Sikkim,27.3809,88.8472
East,Sikkim,27.3827,88.8483
East,Sikkim,27.3828,88.8484
East,Sikkim,27.3836,88.849
East,Sikkim,27.3863,88.8527
East,Sikkim,27.3868,88.8565
East,Sikkim,27.3859,88.8588
East,Sikkim,27.3836,88.8616
East,Sikkim,27.3825,88.8621
East,Sikkim,27.3807,88.8631
East,Sikkim,27.3798,88.8647
East,Sikkim,27.3682,88.8672
East,Sikkim,27.3674,88.8688
East,Sikkim,27.3672,88.8694
East,Sikkim,27.3669,88.8705
East,Sikkim,27.3644,88.8792
East,Sikkim,27.3644,88.8792
East,Sikkim,27.3632,88.881
East,Sikkim,27.3577,88.8832
East,Sikkim,27.3468,88.8851
East,Sikkim,27.3455,88.8856
East,Sikkim,27.3384,88.8886
East,Sikkim,27.3382,88.8891
East,Sikkim,27.3364,88.8899
East,Sikkim,27.3339,88.8939
East,Sikkim,27.3335,88.894
East,Sikkim,27.3331,88.896
East,Sikkim,27.3334,88.8971
East,Sikkim,27.3344,88.9005
East,Sikkim,27.3307,88.9069
East,Sikkim,27.3301,88.9079
East,Sikkim,27.3304,88.9092
East,Sikkim,27.331,88.9119
East,Sikkim,27.3302,88.9142
East,Sikkim,27.3296,88.9154
East,Sikkim,27.3266,88.9218
East,Sikkim,27.3263,88.9224
East,Sikkim,27.3256,88.9216
East,Sikkim,27.3225,88.9187
East,Sikkim,27.3222,88.9184
East,Sikkim,27.3187,88.9149
East,Sikkim,27.318,88.9142
East,Sikkim,27.3164,88.9135
East,Sikkim,27.3093,88.9125
East,Sikkim,27.3059,88.9095
East,Sikkim,27.3017,88.9092
East,Sikkim,27.3016,88.9091
East,Sikkim,27.3005,88.9091
East,Sikkim,27.2983,88.9099
East,Sikkim,27.298,88.9104
East,Sikkim,27.2931,88.9105
East,Sikkim,27.2835,88.9073
East,Sikkim,27.2824,88.9065
East,Sikkim,27.2788,88.9038
East,Sikkim,27.2772,88.902
East,Sikkim,27.275,88.8992
East,Sikkim,27.2752,88.8979
East,Sikkim,27.2752,88.8976
East,Sikkim,27.2751,88.8972
East,Sikkim,27.275,88.8961
East,Sikkim,27.274,88.8945
East,Sikkim,27.2739,88.8942
East,Sikkim,27.2731,88.8929
East,Sikkim,27.2691,88.8833
East,Sikkim,27.2661,88.8799
East,Sikkim,27.2661,88.8793
East,Sikkim,27.2629,88.8772
East,Sikkim,27.2609,88.8767
East,Sikkim,27.2591,88.8732
East,Sikkim,27.2588,88.8724
East,Sikkim,27.2622,88.8638
East,Sikkim,27.2613,88.8562
East,Sikkim,27.2617,88.8471
East,Sikkim,27.2608,88.8438
East,Sikkim,27.2613,88.8431
East,Sikkim,27.2631,88.8352
East,Sikkim,27.2624,88.8309
East,Sikkim,27.2626,88.8304
East,Sikkim,27.2621,88.8304
East,Sikkim,27.2606,88.8271
East,Sikkim,27.2601,88.8241
East,Sikkim,27.2587,88.8232
East,Sikkim,27.2576,88.8226
East,Sikkim,27.2565,88.82
East,Sikkim,27.256,88.82
East,Sikkim,27.2555,88.82
East,Sikkim,27.255,88.8189
East,Sikkim,27.2524,88.8122
East,Sikkim,27.2522,88.8102
East,Sikkim,27.2476,88.8011
East,Sikkim,27.2462,88.8003
East,Sikkim,27.2372,88.7996
East,Sikkim,27.2347,88.7996
East,Sikkim,27.2331,88.8001
East,Sikkim,27.2207,88.8007
East,Sikkim,27.2157,88.7992
East,Sikkim,27.2085,88.7952
East,Sikkim,27.2045,88.7919
East,Sikkim,27.2043,88.7913
East,Sikkim,27.2019,88.7896
East,Sikkim,27.2001,88.7892
East,Sikkim,27.1985,88.7889
East,Sikkim,27.1899,88.7892
East,Sikkim,27.1858,88.7882
East,Sikkim,27.1842,88.7872
East,Sikkim,27.182,88.7847
East,Sikkim,27.18,88.7789
East,Sikkim,27.1795,88.7768
East,Sikkim,27.1797,88.7748
East,Sikkim,27.1793,88.7699
East,Sikkim,27.1789,88.7681
East,Sikkim,27.1785,88.766
East,Sikkim,27.1759,88.7618
East,Sikkim,27.1752,88.7614
East,Sikkim,27.1752,88.7609
East,Sikkim,27.1748,88.7609
East,Sikkim,27.1745,88.7605
East,Sikkim,27.1727,88.7589
East,Sikkim,27.172,88.7584
East,Sikkim,27.1689,88.7583
East,Sikkim,27.168,88.7585
East,Sikkim,27.1678,88.7589
East,Sikkim,27.1581,88.7607
East,Sikkim,27.1571,88.7605
East,Sikkim,27.155,88.7598
East,Sikkim,27.1518,88.7539
East,Sikkim,27.1482,88.7517
East,Sikkim,27.1395,88.7372
East,Sikkim,27.1374,88.7325
East,Sikkim,27.1385,88.7245
East,Sikkim,27.144,88.7178
East,Sikkim,27.1502,88.715
East,Sikkim,27.1651,88.7118
East,Sikkim,27.1741,88.702
East,Sikkim,27.1787,88.6915
East,Sikkim,27.1802,88.6844
East,Sikkim,27.1795,88.6804
East,Sikkim,27.1766,88.6735
East,Sikkim,27.172,88.6681
East,Sikkim,27.1622,88.6596
East,Sikkim,27.1624,88.6565
East,Sikkim,27.1672,88.6425
East,Sikkim,27.1677,88.6388
East,Sikkim,27.1745,88.6333
East,Sikkim,27.1879,88.619
East,Sikkim,27.1897,88.6068
East,Sikkim,27.1912,88.6035
East,Sikkim,27.1914,88.5981
East,Sikkim,27.1927,88.5975
East,Sikkim,27.1912,88.594
East,Sikkim,27.1945,88.5915
East,Sikkim,27.1905,88.587
East,Sikkim,27.1928,88.5851
East,Sikkim,27.1879,88.5663
East,Sikkim,27.1888,88.559
East,Sikkim,27.1837,88.5408
East,Sikkim,27.1778,88.529
East,Sikkim,27.1782,88.5208
East,Sikkim,27.1851,88.499
East,Sikkim,27.1933,88.4921
East,Sikkim,27.2023,88.4863
East,Sikkim,27.2185,88.4875
East,Sikkim,27.2305,88.4898
East,Sikkim,27.2395,88.4859
East,Sikkim,27.2467,88.476
East,Sikkim,27.2474,88.4705
East,Sikkim,27.2506,88.4598
East,Sikkim,27.256,88.4541
East,Sikkim,27.2613,88.4421
East,Sikkim,27.2665,88.4386
East,Sikkim,27.274,88.4367
East,Sikkim,27.2812,88.4377
East,Sikkim,27.296,88.4433
East,Sikkim,27.3009,88.4421
East,Sikkim,27.306,88.4469
East,Sikkim,27.3154,88.4495
East,Sikkim,27.3177,88.4568
East,Sikkim,27.3219,88.4621
East,Sikkim,27.3238,88.469
East,Sikkim,27.3288,88.4778
East,Sikkim,27.3337,88.4813
East,Sikkim,27.3425,88.4833
East,Sikkim,27.3527,88.4768
East,Sikkim,27.3605,88.4753
East,Sikkim,27.3664,88.4761
East,Sikkim,27.3784,88.481
East,Sikkim,27.3787,88.4862
East,Sikkim,27.3825,88.4963
East,Sikkim,27.3896,88.5088
East,Sikkim,27.3946,88.5142
East,Sikkim,27.3971,88.5182
East,Sikkim,27.3962,88.524
East,Sikkim,27.3967,88.5288
East,Sikkim,27.3941,88.5389
East,Sikkim,27.3924,88.5499
East,Sikkim,27.3945,88.577
East,Sikkim,27.3963,88.5858
East,Sikkim,27.3924,88.5888
East,Sikkim,27.3908,88.5948
East,Sikkim,27.3878,88.6109
East,Sikkim,27.3873,88.6219
East,Sikkim,27.3885,88.6326
East,Sikkim,27.3909,88.636
East,Sikkim,27.3919,88.6442
East,Sikkim,27.3911,88.654
East,Sikkim,27.3931,88.6586
East,Sikkim,27.4001,88.6703
East,Sikkim,27.4,88.6744
East,Sikkim,27.3981,88.682
East,Sikkim,27.3984,88.69
East,Sikkim,27.4018,88.6955
East,Sikkim,27.4121,88.7074
East,Sikkim,27.4167,88.7139
East,Sikkim,27.4193,88.7266
East,Sikkim,27.4147,88.7489
East,Sikkim,27.4137,88.7625
East,Sikkim,27.4164,88.7683
East,Sikkim,27.4229,88.7774
East,Sikkim,27.4218,88.7824
East,Sikkim,27.4164,88.7925
East,Sikkim,27.4142,88.806
North Sikkim,Sikkim,28.0991,88.6453
North Sikkim,Sikkim,28.0898,88.6541
North Sikkim,Sikkim,28.0796,88.6611
North Sikkim,Sikkim,28.0741,88.6668
North Sikkim,Sikkim,28.0728,88.6728
North Sikkim,Sikkim,28.0731,88.6733
North Sikkim,Sikkim,28.0733,88.6736
North Sikkim,Sikkim,28.0742,88.6751
North Sikkim,Sikkim,28.0774,88.6771
North Sikkim,Sikkim,28.079,88.6858
North Sikkim,Sikkim,28.077,88.6952
North Sikkim,Sikkim,28.0774,88.6979
North Sikkim,Sikkim,28.0781,88.7039
North Sikkim,Sikkim,28.0757,88.7143
North Sikkim,Sikkim,28.0764,88.7194
North Sikkim,Sikkim,28.0753,88.7291
North Sikkim,Sikkim,28.076,88.7403
North Sikkim,Sikkim,28.0741,88.7481
North Sikkim,Sikkim,28.0733,88.7511
North Sikkim,Sikkim,28.0719,88.7536
North Sikkim,Sikkim,28.0715,88.7536
North Sikkim,Sikkim,28.0697,88.7561
North Sikkim,Sikkim,28.0612,88.768
North Sikkim,Sikkim,28.0606,88.7683
North Sikkim,Sikkim,28.0606,88.7688
North Sikkim,Sikkim,28.0604,88.7691
North Sikkim,Sikkim,28.0591,88.7708
North Sikkim,Sikkim,28.0587,88.7707
North Sikkim,Sikkim,28.0582,88.7708
North Sikkim,Sikkim,28.0569,88.7733
North Sikkim,Sikkim,28.0508,88.7823
North Sikkim,Sikkim,28.0496,88.7825
North Sikkim,Sikkim,28.0485,88.7828
North Sikkim,Sikkim,28.048,88.7836
North Sikkim,Sikkim,28.0476,88.7843
North Sikkim,Sikkim,28.0442,88.7856
North Sikkim,Sikkim,28.0436,88.7866
North Sikkim,Sikkim,28.0431,88.7866
North Sikkim,Sikkim,28.037,88.7947
North Sikkim,Sikkim,28.0366,88.7947
North Sikkim,Sikkim,28.0364,88.795
North Sikkim,Sikkim,28.0359,88.7961
North Sikkim,Sikkim,28.0328,88.7975
North Sikkim,Sikkim,28.0325,88.7977
North Sikkim,Sikkim,28.0311,88.7994
North Sikkim,Sikkim,28.0307,88.7994
North Sikkim,Sikkim,28.0288,88.8023
North Sikkim,Sikkim,28.0267,88.8053
North Sikkim,Sikkim,28.0263,88.8053
North Sikkim,Sikkim,28.0261,88.8056
North Sikkim,Sikkim,28.0253,88.8079
North Sikkim,Sikkim,28.021,88.8167
North Sikkim,Sikkim,28.0197,88.8193
North Sikkim,Sikkim,28.019,88.8207
North Sikkim,Sikkim,28.0171,88.8253
North Sikkim,Sikkim,28.0152,88.8291
North Sikkim,Sikkim,28.0115,88.8329
North Sikkim,Sikkim,28.0004,88.8346
North Sikkim,Sikkim,27.9995,88.8356
North Sikkim,Sikkim,27.9991,88.8357
North Sikkim,Sikkim,27.9989,88.8363
North Sikkim,Sikkim,27.9982,88.8363
North Sikkim,Sikkim,27.9969,88.8368
North Sikkim,Sikkim,27.9951,88.8391
North Sikkim,Sikkim,27.991,88.8409
North Sikkim,Sikkim,27.9768,88.8403
North Sikkim,Sikkim,27.9652,88.8398
North Sikkim,Sikkim,27.9641,88.84
North Sikkim,Sikkim,27.9616,88.843
North Sikkim,Sikkim,27.9564,88.8441
North Sikkim,Sikkim,27.9528,88.8397
North Sikkim,Sikkim,27.9474,88.8364
North Sikkim,Sikkim,27.9449,88.8364
North Sikkim,Sikkim,27.932,88.8363
North Sikkim,Sikkim,27.9304,88.8395
North Sikkim,Sikkim,27.9298,88.8418
North Sikkim,Sikkim,27.9267,88.8535
North Sikkim,Sikkim,27.9265,88.8544
North Sikkim,Sikkim,27.9253,88.8589
North Sikkim,Sikkim,27.9235,88.8612
North Sikkim,Sikkim,27.9131,88.8648
North Sikkim,Sikkim,27.9091,88.8668
North Sikkim,Sikkim,27.9024,88.8702
North Sikkim,Sikkim,27.9024,88.8707
North Sikkim,Sikkim,27.902,88.8707
North Sikkim,Sikkim,27.9018,88.8715
North Sikkim,Sikkim,27.8975,88.8773
North Sikkim,Sikkim,27.8957,88.8797
North Sikkim,Sikkim,27.8953,88.8797
North Sikkim,Sikkim,27.8952,88.8802
North Sikkim,Sikkim,27.8937,88.8805
North Sikkim,Sikkim,27.8932,88.8805
North Sikkim,Sikkim,27.8932,88.881
North Sikkim,Sikkim,27.8925,88.8814
North Sikkim,Sikkim,27.889,88.8814
North Sikkim,Sikkim,27.8864,88.8809
North Sikkim,Sikkim,27.8803,88.88
North Sikkim,Sikkim,27.8701,88.8808
North Sikkim,Sikkim,27.8698,88.8809
North Sikkim,Sikkim,27.8679,88.8818
North Sikkim,Sikkim,27.8654,88.8846
North Sikkim,Sikkim,27.8613,88.8857
North Sikkim,Sikkim,27.8591,88.8856
North Sikkim,Sikkim,27.8589,88.8854
North Sikkim,Sikkim,27.8575,88.883
North Sikkim,Sikkim,27.857,88.8829
North Sikkim,Sikkim,27.8554,88.8821
North Sikkim,Sikkim,27.8553,88.8821
North Sikkim,Sikkim,27.839,88.881
North Sikkim,Sikkim,27.8376,88.8804
North Sikkim,Sikkim,27.8371,88.879
North Sikkim,Sikkim,27.8362,88.8778
North Sikkim,Sikkim,27.834,88.8771
North Sikkim,Sikkim,27.8334,88.8767
North Sikkim,Sikkim,27.8326,88.8762
North Sikkim,Sikkim,27.8311,88.8753
North Sikkim,Sikkim,27.8274,88.873
North Sikkim,Sikkim,27.8245,88.8683
North Sikkim,Sikkim,27.8246,88.8675
North Sikkim,Sikkim,27.8237,88.8655
North Sikkim,Sikkim,27.8218,88.8623
North Sikkim,Sikkim,27.8181,88.8557
North Sikkim,Sikkim,27.8179,88.8554
North Sikkim,Sikkim,27.8165,88.8543
North Sikkim,Sikkim,27.815,88.8541
North Sikkim,Sikkim,27.8147,88.8546
North Sikkim,Sikkim,27.8136,88.8548
North Sikkim,Sikkim,27.8125,88.8553
North Sikkim,Sikkim,27.8113,88.8573
North Sikkim,Sikkim,27.8082,88.8575
North Sikkim,Sikkim,27.7989,88.8568
North Sikkim,Sikkim,27.7783,88.8523
North Sikkim,Sikkim,27.7684,88.8526
North Sikkim,Sikkim,27.7604,88.8543
North Sikkim,Sikkim,27.7593,88.8546
North Sikkim,Sikkim,27.7569,88.8559
North Sikkim,Sikkim,27.756,88.8569
North Sikkim,Sikkim,27.7546,88.8575
North Sikkim,Sikkim,27.7537,88.8585
North Sikkim,Sikkim,27.753,88.8595
North Sikkim,Sikkim,27.7489,88.8614
North Sikkim,Sikkim,27.739,88.8624
North Sikkim,Sikkim,27.7358,88.8611
North Sikkim,Sikkim,27.7302,88.8543
North Sikkim,Sikkim,27.7291,88.8537
North Sikkim,Sikkim,27.7241,88.8515
North Sikkim,Sikkim,27.7182,88.8505
North Sikkim,Sikkim,27.7175,88.85
North Sikkim,Sikkim,27.7121,88.8413
North Sikkim,Sikkim,27.7112,88.8389
North Sikkim,Sikkim,27.7105,88.8386
North Sikkim,Sikkim,27.7082,88.8386
North Sikkim,Sikkim,27.7057,88.8394
North Sikkim,Sikkim,27.7055,88.8399
North Sikkim,Sikkim,27.7053,88.8404
North Sikkim,Sikkim,27.7028,88.8412
North Sikkim,Sikkim,27.7003,88.8455
North Sikkim,Sikkim,27.6944,88.8455
North Sikkim,Sikkim,27.6889,88.8442
North Sikkim,Sikkim,27.6859,88.8445
North Sikkim,Sikkim,27.6816,88.845
North Sikkim,Sikkim,27.6807,88.8453
North Sikkim,Sikkim,27.6801,88.8455
North Sikkim,Sikkim,27.6756,88.8467
North Sikkim,Sikkim,27.669,88.8466
North Sikkim,Sikkim,27.6689,88.8466
North Sikkim,Sikkim,27.6672,88.8456
North Sikkim,Sikkim,27.663,88.8431
North Sikkim,Sikkim,27.6587,88.8384
North Sikkim,Sikkim,27.6576,88.8368
North Sikkim,Sikkim,27.6533,88.8341
North Sikkim,Sikkim,27.6503,88.8322
North Sikkim,Sikkim,27.6455,88.826
North Sikkim,Sikkim,27.6428,88.8223
North Sikkim,Sikkim,27.6423,88.8207
North Sikkim,Sikkim,27.6419,88.8198
North Sikkim,Sikkim,27.6427,88.8155
North Sikkim,Sikkim,27.6433,88.8138
North Sikkim,Sikkim,27.6435,88.8132
North Sikkim,Sikkim,27.6428,88.8107
North Sikkim,Sikkim,27.6419,88.8099
North Sikkim,Sikkim,27.6363,88.8071
North Sikkim,Sikkim,27.6322,88.8064
North Sikkim,Sikkim,27.6191,88.8082
North Sikkim,Sikkim,27.6143,88.8085
North Sikkim,Sikkim,27.6136,88.808
North Sikkim,Sikkim,27.6033,88.8055
North Sikkim,Sikkim,27.5998,88.802
North Sikkim,Sikkim,27.5996,88.801
North Sikkim,Sikkim,27.5992,88.801
North Sikkim,Sikkim,27.5992,88.8005
North Sikkim,Sikkim,27.5987,88.8005
North Sikkim,Sikkim,27.5965,88.7979
North Sikkim,Sikkim,27.5965,88.7974
North Sikkim,Sikkim,27.596,88.7974
North Sikkim,Sikkim,27.594,88.7946
North Sikkim,Sikkim,27.594,88.7941
North Sikkim,Sikkim,27.592,88.7928
North Sikkim,Sikkim,27.5906,88.7918
North Sikkim,Sikkim,27.5881,88.7885
North Sikkim,Sikkim,27.5856,88.7873
North Sikkim,Sikkim,27.5763,88.7856
North Sikkim,Sikkim,27.5754,88.7848
North Sikkim,Sikkim,27.5745,88.7837
North Sikkim,Sikkim,27.5734,88.7823
North Sikkim,Sikkim,27.568,88.7685
North Sikkim,Sikkim,27.5679,88.7682
North Sikkim,Sikkim,27.5674,88.7682
North Sikkim,Sikkim,27.5668,88.7673
North Sikkim,Sikkim,27.565,88.7671
North Sikkim,Sikkim,27.56,88.7679
North Sikkim,Sikkim,27.5597,88.7684
North Sikkim,Sikkim,27.5595,88.7689
North Sikkim,Sikkim,27.5445,88.7731
North Sikkim,Sikkim,27.5376,88.7751
North Sikkim,Sikkim,27.5373,88.7755
North Sikkim,Sikkim,27.5367,88.7764
North Sikkim,Sikkim,27.534,88.7791
North Sikkim,Sikkim,27.5327,88.7799
North Sikkim,Sikkim,27.5322,88.7799
North Sikkim,Sikkim,27.5295,88.7842
North Sikkim,Sikkim,27.5291,88.786
North Sikkim,Sikkim,27.5293,88.787
North Sikkim,Sikkim,27.5291,88.7881
North Sikkim,Sikkim,27.5286,88.7886
North Sikkim,Sikkim,27.5261,88.7889
North Sikkim,Sikkim,27.525,88.7888
North Sikkim,Sikkim,27.5245,88.7877
North Sikkim,Sikkim,27.5208,88.787
North Sikkim,Sikkim,27.5192,88.7867
North Sikkim,Sikkim,27.5151,88.7862
North Sikkim,Sikkim,27.5136,88.7861
North Sikkim,Sikkim,27.5115,88.786
North Sikkim,Sikkim,27.5065,88.7852
North Sikkim,Sikkim,27.4965,88.7832
North Sikkim,Sikkim,27.4945,88.7833
North Sikkim,Sikkim,27.4937,88.7843
North Sikkim,Sikkim,27.493,88.785
North Sikkim,Sikkim,27.4924,88.7856
North Sikkim,Sikkim,27.4877,88.7854
North Sikkim,Sikkim,27.4873,88.7852
North Sikkim,Sikkim,27.4862,88.7847
North Sikkim,Sikkim,27.4843,88.7839
North Sikkim,Sikkim,27.4827,88.7832
North Sikkim,Sikkim,27.4796,88.7826
North Sikkim,Sikkim,27.4781,88.7823
North Sikkim,Sikkim,27.4732,88.7814
North Sikkim,Sikkim,27.4725,88.7814
North Sikkim,Sikkim,27.4678,88.7815
North Sikkim,Sikkim,27.4633,88.7822
North Sikkim,Sikkim,27.4556,88.7834
North Sikkim,Sikkim,27.454,88.7843
North Sikkim,Sikkim,27.4524,88.7873
North Sikkim,Sikkim,27.4513,88.7874
North Sikkim,Sikkim,27.4502,88.7876
North Sikkim,Sikkim,27.448,88.7924
North Sikkim,Sikkim,27.447,88.7947
North Sikkim,Sikkim,27.445,88.7946
North Sikkim,Sikkim,27.4366,88.794
North Sikkim,Sikkim,27.4328,88.7949
North Sikkim,Sikkim,27.4326,88.795
North Sikkim,Sikkim,27.4308,88.7965
North Sikkim,Sikkim,27.4287,88.8003
North Sikkim,Sikkim,27.4271,88.8032
North Sikkim,Sikkim,27.4253,88.8041
North Sikkim,Sikkim,27.4251,88.8041
North Sikkim,Sikkim,27.4142,88.806
North Sikkim,Sikkim,27.4164,88.7925
North Sikkim,Sikkim,27.4218,88.7824
North Sikkim,Sikkim,27.4229,88.7774
North Sikkim,Sikkim,27.4164,88.7683
North Sikkim,Sikkim,27.4137,88.7625
North Sikkim,Sikkim,27.4147,88.7489
North Sikkim,Sikkim,27.4193,88.7266
North Sikkim,Sikkim,27.4167,88.7139
North Sikkim,Sikkim,27.4121,88.7074
North Sikkim,Sikkim,27.4018,88.6955
North Sikkim,Sikkim,27.3984,88.69
North Sikkim,Sikkim,27.3981,88.682
North Sikkim,Sikkim,27.4,88.6744
North Sikkim,Sikkim,27.4001,88.6703
North Sikkim,Sikkim,27.3931,88.6586
North Sikkim,Sikkim,27.3911,88.654
North Sikkim,Sikkim,27.3919,88.6442
North Sikkim,Sikkim,27.3909,88.636
North Sikkim,Sikkim,27.3885,88.6326
North Sikkim,Sikkim,27.3873,88.6219
North Sikkim,Sikkim,27.3878,88.6109
North Sikkim,Sikkim,27.3908,88.5948
North Sikkim,Sikkim,27.3924,88.5888
North Sikkim,Sikkim,27.3963,88.5858
North Sikkim,Sikkim,27.3945,88.577
North Sikkim,Sikkim,27.3924,88.5499
North Sikkim,Sikkim,27.3941,88.5389
North Sikkim,Sikkim,27.3967,88.5288
North Sikkim,Sikkim,27.3962,88.524
North Sikkim,Sikkim,27.3971,88.5182
North Sikkim,Sikkim,27.3946,88.5142
North Sikkim,Sikkim,27.3896,88.5088
North Sikkim,Sikkim,27.3825,88.4963
North Sikkim,Sikkim,27.3787,88.4862
North Sikkim,Sikkim,27.3784,88.481
North Sikkim,Sikkim,27.3811,88.4735
North Sikkim,Sikkim,27.3856,88.4654
North Sikkim,Sikkim,27.3875,88.4589
North Sikkim,Sikkim,27.3886,88.4487
North Sikkim,Sikkim,27.3936,88.4384
North Sikkim,Sikkim,27.3999,88.4315
North Sikkim,Sikkim,27.4045,88.4275
North Sikkim,Sikkim,27.4132,88.4216
North Sikkim,Sikkim,27.4187,88.4145
North Sikkim,Sikkim,27.4236,88.4116
North Sikkim,Sikkim,27.4299,88.4094
North Sikkim,Sikkim,27.4394,88.4091
North Sikkim,Sikkim,27.4466,88.4109
North Sikkim,Sikkim,27.4585,88.4036
North Sikkim,Sikkim,27.4634,88.4019
North Sikkim,Sikkim,27.4703,88.4022
North Sikkim,Sikkim,27.4757,88.4004
North Sikkim,Sikkim,27.4791,88.3935
North Sikkim,Sikkim,27.4976,88.3704
North Sikkim,Sikkim,27.5104,88.3594
North Sikkim,Sikkim,27.5173,88.3559
North Sikkim,Sikkim,27.5214,88.3504
North Sikkim,Sikkim,27.5264,88.3373
North Sikkim,Sikkim,27.5277,88.3299
North Sikkim,Sikkim,27.5282,88.3235
North Sikkim,Sikkim,27.5272,88.3139
North Sikkim,Sikkim,27.5189,88.2857
North Sikkim,Sikkim,27.513,88.2763
North Sikkim,Sikkim,27.5259,88.258
North Sikkim,Sikkim,27.5316,88.2426
North Sikkim,Sikkim,27.535,88.2361
North Sikkim,Sikkim,27.5406,88.2323
North Sikkim,Sikkim,27.5573,88.2266
North Sikkim,Sikkim,27.5738,88.2124
North Sikkim,Sikkim,27.5815,88.2042
North Sikkim,Sikkim,27.6003,88.1581
North Sikkim,Sikkim,27.6116,88.1214
North Sikkim,Sikkim,27.614,88.1169
North Sikkim,Sikkim,27.6208,88.1179
North Sikkim,Sikkim,27.627,88.1221
North Sikkim,Sikkim,27.6295,88.1199
North Sikkim,Sikkim,27.6392,88.1233
North Sikkim,Sikkim,27.6392,88.1233
North Sikkim,Sikkim,27.6453,88.1226
North Sikkim,Sikkim,27.6551,88.1338
North Sikkim,Sikkim,27.6572,88.1398
North Sikkim,Sikkim,27.6577,88.1403
North Sikkim,Sikkim,27.6654,88.1473
North Sikkim,Sikkim,27.6716,88.1482
North Sikkim,Sikkim,27.6788,88.1494
North Sikkim,Sikkim,27.6812,88.1503
North Sikkim,Sikkim,27.6838,88.1514
North Sikkim,Sikkim,27.6904,88.1574
North Sikkim,Sikkim,27.6904,88.1574
North Sikkim,Sikkim,27.7017,88.151
North Sikkim,Sikkim,27.7017,88.1509
North Sikkim,Sikkim,27.7017,88.1509
North Sikkim,Sikkim,27.7017,88.1509
North Sikkim,Sikkim,27.702,88.1507
North Sikkim,Sikkim,27.7079,88.152
North Sikkim,Sikkim,27.7172,88.1581
North Sikkim,Sikkim,27.7291,88.1573
North Sikkim,Sikkim,27.7292,88.1573
North Sikkim,Sikkim,27.7406,88.161
North Sikkim,Sikkim,27.7413,88.1723
North Sikkim,Sikkim,27.7413,88.1724
North Sikkim,Sikkim,27.7468,88.1812
North Sikkim,Sikkim,27.7581,88.1793
North Sikkim,Sikkim,27.7615,88.1834
North Sikkim,Sikkim,27.7615,88.1834
North Sikkim,Sikkim,27.766,88.186
North Sikkim,Sikkim,27.7661,88.186
North Sikkim,Sikkim,27.7672,88.1852
North Sikkim,Sikkim,27.7688,88.1842
North Sikkim,Sikkim,27.7692,88.1842
North Sikkim,Sikkim,27.7745,88.1844
North Sikkim,Sikkim,27.777,88.1879
North Sikkim,Sikkim,27.7812,88.1907
North Sikkim,Sikkim,27.7812,88.1908
North Sikkim,Sikkim,27.7863,88.1979
North Sikkim,Sikkim,27.7905,88.1999
North Sikkim,Sikkim,27.796,88.1965
North Sikkim,Sikkim,27.7979,88.1925
North Sikkim,Sikkim,27.8012,88.1895
North Sikkim,Sikkim,27.8103,88.1879
North Sikkim,Sikkim,27.8155,88.1815
North Sikkim,Sikkim,27.816,88.18
North Sikkim,Sikkim,27.8173,88.1761
North Sikkim,Sikkim,27.8202,88.1757
North Sikkim,Sikkim,27.8251,88.1901
North Sikkim,Sikkim,27.8355,88.1972
North Sikkim,Sikkim,27.8361,88.1994
North Sikkim,Sikkim,27.8373,88.2039
North Sikkim,Sikkim,27.8424,88.204
North Sikkim,Sikkim,27.8455,88.2007
North Sikkim,Sikkim,27.848,88.2002
North Sikkim,Sikkim,27.8535,88.1989
North Sikkim,Sikkim,27.8545,88.1955
North Sikkim,Sikkim,27.8545,88.1955
North Sikkim,Sikkim,27.8537,88.191
North Sikkim,Sikkim,27.8565,88.1879
North Sikkim,Sikkim,27.8565,88.1834
North Sikkim,Sikkim,27.8564,88.1809
North Sikkim,Sikkim,27.861,88.1771
North Sikkim,Sikkim,27.8631,88.1752
North Sikkim,Sikkim,27.8634,88.1746
North Sikkim,Sikkim,27.8654,88.1698
North Sikkim,Sikkim,27.8666,88.1686
North Sikkim,Sikkim,27.8682,88.1669
North Sikkim,Sikkim,27.8704,88.1566
North Sikkim,Sikkim,27.8705,88.1566
North Sikkim,Sikkim,27.8707,88.1563
North Sikkim,Sikkim,27.8765,88.1513
North Sikkim,Sikkim,27.8781,88.1456
North Sikkim,Sikkim,27.8774,88.1419
North Sikkim,Sikkim,27.8815,88.1375
North Sikkim,Sikkim,27.8815,88.13
North Sikkim,Sikkim,27.8819,88.1302
North Sikkim,Sikkim,27.8859,88.1299
North Sikkim,Sikkim,27.8913,88.1274
North Sikkim,Sikkim,27.8951,88.1263
North Sikkim,Sikkim,27.8953,88.1258
North Sikkim,Sikkim,27.8964,88.1252
North Sikkim,Sikkim,27.8976,88.1229
North Sikkim,Sikkim,27.8988,88.1225
North Sikkim,Sikkim,27.9003,88.1217
North Sikkim,Sikkim,27.9021,88.1196
North Sikkim,Sikkim,27.9025,88.1188
North Sikkim,Sikkim,27.9056,88.1175
North Sikkim,Sikkim,27.906,88.1168
North Sikkim,Sikkim,27.9072,88.1166
North Sikkim,Sikkim,27.9122,88.1139
North Sikkim,Sikkim,27.9158,88.1137
North Sikkim,Sikkim,27.9176,88.1136
North Sikkim,Sikkim,27.9258,88.1168
North Sikkim,Sikkim,27.9344,88.1259
North Sikkim,Sikkim,27.9383,88.1289
North Sikkim,Sikkim,27.9398,88.129
North Sikkim,Sikkim,27.9455,88.1288
North Sikkim,Sikkim,27.948,88.1237
North Sikkim,Sikkim,27.9502,88.1237
North Sikkim,Sikkim,27.9509,88.1239
North Sikkim,Sikkim,27.9559,88.13
North Sikkim,Sikkim,27.9616,88.1331
North Sikkim,Sikkim,27.963,88.1347
North Sikkim,Sikkim,27.9635,88.1391
North Sikkim,Sikkim,27.9633,88.1398
North Sikkim,Sikkim,27.9632,88.14
North Sikkim,Sikkim,27.9605,88.1468
North Sikkim,Sikkim,27.9603,88.1472
North Sikkim,Sikkim,27.9578,88.1537
North Sikkim,Sikkim,27.9483,88.1672
North Sikkim,Sikkim,27.9447,88.1736
North Sikkim,Sikkim,27.9443,88.1757
North Sikkim,Sikkim,27.9436,88.1828
North Sikkim,Sikkim,27.9437,88.1887
North Sikkim,Sikkim,27.9455,88.1929
North Sikkim,Sikkim,27.9462,88.1948
North Sikkim,Sikkim,27.9469,88.1955
North Sikkim,Sikkim,27.9471,88.1958
North Sikkim,Sikkim,27.9505,88.1971
North Sikkim,Sikkim,27.958,88.1992
North Sikkim,Sikkim,27.9605,88.1997
North Sikkim,Sikkim,27.9615,88.2003
North Sikkim,Sikkim,27.9655,88.2026
North Sikkim,Sikkim,27.9662,88.2035
North Sikkim,Sikkim,27.9666,88.2035
North Sikkim,Sikkim,27.9678,88.2098
North Sikkim,Sikkim,27.9672,88.2113
North Sikkim,Sikkim,27.966,88.2141
North Sikkim,Sikkim,27.9656,88.2153
North Sikkim,Sikkim,27.9654,88.2158
North Sikkim,Sikkim,27.965,88.2166
North Sikkim,Sikkim,27.9645,88.218
North Sikkim,Sikkim,27.964,88.2216
North Sikkim,Sikkim,27.9643,88.2223
North Sikkim,Sikkim,27.9645,88.2231
North Sikkim,Sikkim,27.9672,88.2262
North Sikkim,Sikkim,27.9679,88.2297
North Sikkim,Sikkim,27.9678,88.2302
North Sikkim,Sikkim,27.9677,88.2305
North Sikkim,Sikkim,27.9672,88.231
North Sikkim,Sikkim,27.9659,88.2328
North Sikkim,Sikkim,27.9649,88.233
North Sikkim,Sikkim,27.9541,88.2352
North Sikkim,Sikkim,27.9526,88.2375
North Sikkim,Sikkim,27.9515,88.2377
North Sikkim,Sikkim,27.9506,88.2377
North Sikkim,Sikkim,27.9503,88.2383
North Sikkim,Sikkim,27.9499,88.2383
North Sikkim,Sikkim,27.9485,88.2439
North Sikkim,Sikkim,27.9501,88.2479
North Sikkim,Sikkim,27.9502,88.2482
North Sikkim,Sikkim,27.9503,88.2482
North Sikkim,Sikkim,27.9508,88.2484
North Sikkim,Sikkim,27.9563,88.2588
North Sikkim,Sikkim,27.9566,88.2609
North Sikkim,Sikkim,27.9563,88.2616
North Sikkim,Sikkim,27.9566,88.2652
North Sikkim,Sikkim,27.9583,88.2705
North Sikkim,Sikkim,27.9581,88.271
North Sikkim,Sikkim,27.9582,88.2712
North Sikkim,Sikkim,27.9583,88.2715
North Sikkim,Sikkim,27.9584,88.272
North Sikkim,Sikkim,27.9605,88.2748
North Sikkim,Sikkim,27.9612,88.2756
North Sikkim,Sikkim,27.9644,88.2767
North Sikkim,Sikkim,27.9655,88.2768
North Sikkim,Sikkim,27.9673,88.2795
North Sikkim,Sikkim,27.9676,88.2801
North Sikkim,Sikkim,27.9678,88.2804
North Sikkim,Sikkim,27.9685,88.2861
North Sikkim,Sikkim,27.9689,88.2901
North Sikkim,Sikkim,27.9681,88.2939
North Sikkim,Sikkim,27.97,88.3048
North Sikkim,Sikkim,27.9727,88.3089
North Sikkim,Sikkim,27.974,88.3101
North Sikkim,Sikkim,27.9784,88.3139
North Sikkim,Sikkim,27.9797,88.3162
North Sikkim,Sikkim,27.9813,88.3229
North Sikkim,Sikkim,27.9811,88.3239
North Sikkim,Sikkim,27.9819,88.3275
North Sikkim,Sikkim,27.9825,88.3291
North Sikkim,Sikkim,27.9848,88.3318
North Sikkim,Sikkim,27.9859,88.3324
North Sikkim,Sikkim,27.987,88.335
North Sikkim,Sikkim,27.988,88.3378
North Sikkim,Sikkim,27.9895,88.3452
North Sikkim,Sikkim,27.9896,88.3502
North Sikkim,Sikkim,27.9899,88.351
North Sikkim,Sikkim,27.9894,88.3542
North Sikkim,Sikkim,27.9881,88.3638
North Sikkim,Sikkim,27.9837,88.3747
North Sikkim,Sikkim,27.9799,88.3817
North Sikkim,Sikkim,27.9794,88.3817
North Sikkim,Sikkim,27.9778,88.3888
North Sikkim,Sikkim,27.9781,88.3898
North Sikkim,Sikkim,27.9797,88.394
North Sikkim,Sikkim,27.9811,88.3961
North Sikkim,Sikkim,27.9833,88.4007
North Sikkim,Sikkim,27.9836,88.402
North Sikkim,Sikkim,27.9867,88.4043
North Sikkim,Sikkim,27.9879,88.4066
North Sikkim,Sikkim,27.9924,88.4088
North Sikkim,Sikkim,27.9936,88.4099
North Sikkim,Sikkim,27.9956,88.4117
North Sikkim,Sikkim,27.997,88.4123
North Sikkim,Sikkim,28.0056,88.4235
North Sikkim,Sikkim,28.0061,88.4235
North Sikkim,Sikkim,28.0065,88.4248
North Sikkim,Sikkim,28.0081,88.4265
North Sikkim,Sikkim,28.0083,88.4271
North Sikkim,Sikkim,28.0104,88.4326
North Sikkim,Sikkim,28.015,88.4509
North Sikkim,Sikkim,28.0172,88.4559
North Sikkim,Sikkim,28.0198,88.4616
North Sikkim,Sikkim,28.0232,88.4646
North Sikkim,Sikkim,28.0329,88.4692
North Sikkim,Sikkim,28.0368,88.4717
North Sikkim,Sikkim,28.0426,88.478
North Sikkim,Sikkim,28.045,88.4819
North Sikkim,Sikkim,28.0456,88.4831
North Sikkim,Sikkim,28.0481,88.4897
North Sikkim,Sikkim,28.0489,88.5011
North Sikkim,Sikkim,28.0487,88.5017
North Sikkim,Sikkim,28.0483,88.5017
North Sikkim,Sikkim,28.0478,88.5017
North Sikkim,Sikkim,28.0471,88.5029
North Sikkim,Sikkim,28.0465,88.507
North Sikkim,Sikkim,28.044,88.5167
North Sikkim,Sikkim,28.0411,88.5208
North Sikkim,Sikkim,28.0402,88.5211
North Sikkim,Sikkim,28.0397,88.5211
North Sikkim,Sikkim,28.0391,88.5224
North Sikkim,Sikkim,28.0386,88.5224
North Sikkim,Sikkim,28.0368,88.5278
North Sikkim,Sikkim,28.0364,88.5315
North Sikkim,Sikkim,28.0366,88.5333
North Sikkim,Sikkim,28.0385,88.538
North Sikkim,Sikkim,28.0386,88.5382
North Sikkim,Sikkim,28.0389,88.5389
North Sikkim,Sikkim,28.0405,88.541
North Sikkim,Sikkim,28.0441,88.5427
North Sikkim,Sikkim,28.0497,88.5429
North Sikkim,Sikkim,28.0505,88.5429
North Sikkim,Sikkim,28.0525,88.5437
North Sikkim,Sikkim,28.0539,88.5451
North Sikkim,Sikkim,28.0611,88.5504
North Sikkim,Sikkim,28.0638,88.5518
North Sikkim,Sikkim,28.0654,88.5523
North Sikkim,Sikkim,28.0776,88.5525
North Sikkim,Sikkim,28.0848,88.5545
North Sikkim,Sikkim,28.0876,88.5583
North Sikkim,Sikkim,28.089,88.5669
North Sikkim,Sikkim,28.0885,88.5677
North Sikkim,Sikkim,28.0865,88.5708
North Sikkim,Sikkim,28.0856,88.5748
North Sikkim,Sikkim,28.0863,88.5766
North Sikkim,Sikkim,28.0902,88.5855
North Sikkim,Sikkim,28.0913,88.5876
North Sikkim,Sikkim,28.0915,88.5891
North Sikkim,Sikkim,28.0913,88.5904
North Sikkim,Sikkim,28.0956,88.5952
North Sikkim,Sikkim,28.0969,88.596
North Sikkim,Sikkim,28.0984,88.6028
North Sikkim,Sikkim,28.0997,88.6054
North Sikkim,Sikkim,28.1026,88.6134
North Sikkim,Sikkim,28.1037,88.6165
North Sikkim,Sikkim,28.1087,88.6136
North Sikkim,Sikkim,28.1099,88.6122
North Sikkim,Sikkim,28.1158,88.6116
North Sikkim,Sikkim,28.1187,88.6108
North Sikkim,Sikkim,28.1196,88.6105
North Sikkim,Sikkim,28.1228,88.6069
North Sikkim,Sikkim,28.1262,88.6067
North Sikkim,Sikkim,28.1276,88.6075
North Sikkim,Sikkim,28.1296,88.6118
North Sikkim,Sikkim,28.131,88.6212
North Sikkim,Sikkim,28.1283,88.6252
North Sikkim,Sikkim,28.1271,88.6269
North Sikkim,Sikkim,28.1267,88.6269
North Sikkim,Sikkim,28.1263,88.6269
North Sikkim,Sikkim,28.1247,88.629
North Sikkim,Sikkim,28.1245,88.6297
North Sikkim,Sikkim,28.124,88.6297
North Sikkim,Sikkim,28.1238,88.6305
North Sikkim,Sikkim,28.1211,88.6317
North Sikkim,Sikkim,28.1209,88.6323
North Sikkim,Sikkim,28.1206,88.6328
North Sikkim,Sikkim,28.1131,88.6351
North Sikkim,Sikkim,28.1087,88.6364
North Sikkim,Sikkim,28.1044,88.6377
North Sikkim,Sikkim,28.1031,88.6394
North Sikkim,Sikkim,28.1017,88.6412
North Sikkim,Sikkim,28.0991,88.6453
South Sikkim,Sikkim,27.3784,88.481
South Sikkim,Sikkim,27.3664,88.4761
South Sikkim,Sikkim,27.3605,88.4753
South Sikkim,Sikkim,27.3527,88.4768
South Sikkim,Sikkim,27.3425,88.4833
South Sikkim,Sikkim,27.3337,88.4813
South Sikkim,Sikkim,27.3288,88.4778
South Sikkim,Sikkim,27.3238,88.469
South Sikkim,Sikkim,27.3219,88.4621
South Sikkim,Sikkim,27.3177,88.4568
South Sikkim,Sikkim,27.3154,88.4495
South Sikkim,Sikkim,27.306,88.4469
South Sikkim,Sikkim,27.3009,88.4421
South Sikkim,Sikkim,27.296,88.4433
South Sikkim,Sikkim,27.2812,88.4377
South Sikkim,Sikkim,27.274,88.4367
South Sikkim,Sikkim,27.2665,88.4386
South Sikkim,Sikkim,27.2613,88.4421
South Sikkim,Sikkim,27.256,88.4541
South Sikkim,Sikkim,27.2506,88.4598
South Sikkim,Sikkim,27.2474,88.4705
South Sikkim,Sikkim,27.2467,88.476
South Sikkim,Sikkim,27.2395,88.4859
South Sikkim,Sikkim,27.2305,88.4898
South Sikkim,Sikkim,27.2185,88.4875
South Sikkim,Sikkim,27.2023,88.4863
South Sikkim,Sikkim,27.1933,88.4921
South Sikkim,Sikkim,27.1851,88.499
South Sikkim,Sikkim,27.1782,88.5208
South Sikkim,Sikkim,27.175,88.5205
South Sikkim,Sikkim,27.1658,88.5298
South Sikkim,Sikkim,27.1603,88.5267
South Sikkim,Sikkim,27.1543,88.532
South Sikkim,Sikkim,27.1502,88.5299
South Sikkim,Sikkim,27.1498,88.5267
South Sikkim,Sikkim,27.1503,88.5217
South Sikkim,Sikkim,27.1478,88.5187
South Sikkim,Sikkim,27.1437,88.516
South Sikkim,Sikkim,27.141,88.5122
South Sikkim,Sikkim,27.136,88.5075
South Sikkim,Sikkim,27.1341,88.503
South Sikkim,Sikkim,27.1312,88.4989
South Sikkim,Sikkim,27.1282,88.4964
South Sikkim,Sikkim,27.1254,88.4956
South Sikkim,Sikkim,27.1249,88.4919
South Sikkim,Sikkim,27.1268,88.4867
South Sikkim,Sikkim,27.1229,88.4813
South Sikkim,Sikkim,27.1207,88.4738
South Sikkim,Sikkim,27.1173,88.4691
South Sikkim,Sikkim,27.1139,88.4667
South Sikkim,Sikkim,27.1048,88.4648
South Sikkim,Sikkim,27.0958,88.4602
South Sikkim,Sikkim,27.0896,88.4545
South Sikkim,Sikkim,27.0854,88.4463
South Sikkim,Sikkim,27.0842,88.4396
South Sikkim,Sikkim,27.0816,88.4319
South Sikkim,Sikkim,27.0836,88.4291
South Sikkim,Sikkim,27.0907,88.411
South Sikkim,Sikkim,27.0944,88.3977
South Sikkim,Sikkim,27.0984,88.3875
South Sikkim,Sikkim,27.0994,88.3707
South Sikkim,Sikkim,27.0984,88.3639
South Sikkim,Sikkim,27.1011,88.3523
South Sikkim,Sikkim,27.1033,88.3479
South Sikkim,Sikkim,27.1069,88.3452
South Sikkim,Sikkim,27.1107,88.3408
South Sikkim,Sikkim,27.1082,88.3317
South Sikkim,Sikkim,27.1049,88.3238
South Sikkim,Sikkim,27.1073,88.3201
South Sikkim,Sikkim,27.1166,88.3205
South Sikkim,Sikkim,27.1193,88.3188
South Sikkim,Sikkim,27.1254,88.3113
South Sikkim,Sikkim,27.1286,88.3045
South Sikkim,Sikkim,27.128,88.2999
South Sikkim,Sikkim,27.1248,88.2949
South Sikkim,Sikkim,27.1308,88.2781
South Sikkim,Sikkim,27.1426,88.2752
South Sikkim,Sikkim,27.1446,88.2767
South Sikkim,Sikkim,27.1489,88.2773
South Sikkim,Sikkim,27.1508,88.2797
South Sikkim,Sikkim,27.1511,88.2822
South Sikkim,Sikkim,27.1542,88.2856
South Sikkim,Sikkim,27.1633,88.2893
South Sikkim,Sikkim,27.1643,88.2916
South Sikkim,Sikkim,27.1691,88.2952
South Sikkim,Sikkim,27.1737,88.296
South Sikkim,Sikkim,27.1765,88.2996
South Sikkim,Sikkim,27.1781,88.3046
South Sikkim,Sikkim,27.1817,88.3073
South Sikkim,Sikkim,27.1856,88.3148
South Sikkim,Sikkim,27.1876,88.3238
South Sikkim,Sikkim,27.1889,88.3258
South Sikkim,Sikkim,27.1919,88.324
South Sikkim,Sikkim,27.1946,88.3295
South Sikkim,Sikkim,27.1988,88.3269
South Sikkim,Sikkim,27.2013,88.3269
South Sikkim,Sikkim,27.2045,88.3242
South Sikkim,Sikkim,27.2206,88.3181
South Sikkim,Sikkim,27.2233,88.315
South Sikkim,Sikkim,27.2248,88.3055
South Sikkim,Sikkim,27.2262,88.3028
South Sikkim,Sikkim,27.237,88.2983
South Sikkim,Sikkim,27.2462,88.3006
South Sikkim,Sikkim,27.2566,88.3007
South Sikkim,Sikkim,27.261,88.299
South Sikkim,Sikkim,27.2664,88.2916
South Sikkim,Sikkim,27.2732,88.2844
South Sikkim,Sikkim,27.2757,88.279
South Sikkim,Sikkim,27.2783,88.276
South Sikkim,Sikkim,27.2817,88.2734
South Sikkim,Sikkim,27.2864,88.2741
South Sikkim,Sikkim,27.2883,88.2753
South Sikkim,Sikkim,27.295,88.2856
South Sikkim,Sikkim,27.2972,88.2909
South Sikkim,Sikkim,27.2996,88.3015
South Sikkim,Sikkim,27.3028,88.3044
South Sikkim,Sikkim,27.3057,88.306
South Sikkim,Sikkim,27.3158,88.3056
South Sikkim,Sikkim,27.3188,88.3037
South Sikkim,Sikkim,27.3214,88.3002
South Sikkim,Sikkim,27.3234,88.2951
South Sikkim,Sikkim,27.3269,88.2917
South Sikkim,Sikkim,27.331,88.293
South Sikkim,Sikkim,27.3342,88.2953
South Sikkim,Sikkim,27.3377,88.2999
South Sikkim,Sikkim,27.3461,88.3146
South Sikkim,Sikkim,27.3494,88.3177
South Sikkim,Sikkim,27.365,88.3229
South Sikkim,Sikkim,27.3688,88.3255
South Sikkim,Sikkim,27.3721,88.3341
South Sikkim,Sikkim,27.3741,88.3442
South Sikkim,Sikkim,27.3784,88.3532
South Sikkim,Sikkim,27.3844,88.3523
South Sikkim,Sikkim,27.39,88.3532
South Sikkim,Sikkim,27.3994,88.3525
South Sikkim,Sikkim,27.403,88.3499
South Sikkim,Sikkim,27.4121,88.3456
South Sikkim,Sikkim,27.4142,88.3428
South Sikkim,Sikkim,27.4112,88.3379
South Sikkim,Sikkim,27.4063,88.3338
South Sikkim,Sikkim,27.4106,88.3286
South Sikkim,Sikkim,27.4172,88.3263
South Sikkim,Sikkim,27.4176,88.3204
South Sikkim,Sikkim,27.4154,88.3112
South Sikkim,Sikkim,27.417,88.3005
South Sikkim,Sikkim,27.4147,88.2952
South Sikkim,Sikkim,27.4105,88.2903
South Sikkim,Sikkim,27.4053,88.2789
South Sikkim,Sikkim,27.4059,88.274
South Sikkim,Sikkim,27.412,88.2696
South Sikkim,Sikkim,27.4197,88.2694
South Sikkim,Sikkim,27.4619,88.2613
South Sikkim,Sikkim,27.4899,88.2608
South Sikkim,Sikkim,27.4982,88.263
South Sikkim,Sikkim,27.5037,88.2661
South Sikkim,Sikkim,27.5093,88.2711
South Sikkim,Sikkim,27.513,88.2763
South Sikkim,Sikkim,27.5189,88.2857
South Sikkim,Sikkim,27.5272,88.3139
South Sikkim,Sikkim,27.5282,88.3235
South Sikkim,Sikkim,27.5277,88.3299
South Sikkim,Sikkim,27.5264,88.3373
South Sikkim,Sikkim,27.5214,88.3504
South Sikkim,Sikkim,27.5173,88.3559
South Sikkim,Sikkim,27.5104,88.3594
South Sikkim,Sikkim,27.4976,88.3704
South Sikkim,Sikkim,27.4791,88.3935
South Sikkim,Sikkim,27.4757,88.4004
South Sikkim,Sikkim,27.4703,88.4022
South Sikkim,Sikkim,27.4634,88.4019
South Sikkim,Sikkim,27.4585,88.4036
South Sikkim,Sikkim,27.4466,88.4109
South Sikkim,Sikkim,27.4394,88.4091
South Sikkim,Sikkim,27.4299,88.4094
South Sikkim,Sikkim,27.4236,88.4116
South Sikkim,Sikkim,27.4187,88.4145
South Sikkim,Sikkim,27.4132,88.4216
South Sikkim,Sikkim,27.4045,88.4275
South Sikkim,Sikkim,27.3999,88.4315
South Sikkim,Sikkim,27.3936,88.4384
South Sikkim,Sikkim,27.3886,88.4487
South Sikkim,Sikkim,27.3875,88.4589
South Sikkim,Sikkim,27.3856,88.4654
South Sikkim,Sikkim,27.3811,88.4735
South Sikkim,Sikkim,27.3784,88.481
West Sikkim,Sikkim,27.4059,88.274
West Sikkim,Sikkim,27.4053,88.2789
West Sikkim,Sikkim,27.4105,88.2903
West Sikkim,Sikkim,27.4147,88.2952
West Sikkim,Sikkim,27.417,88.3005
West Sikkim,Sikkim,27.4154,88.3112
West Sikkim,Sikkim,27.4176,88.3204
West Sikkim,Sikkim,27.4172,88.3263
West Sikkim,Sikkim,27.4106,88.3286
West Sikkim,Sikkim,27.4063,88.3338
West Sikkim,Sikkim,27.4112,88.3379
West Sikkim,Sikkim,27.4142,88.3428
West Sikkim,Sikkim,27.4121,88.3456
West Sikkim,Sikkim,27.403,88.3499
West Sikkim,Sikkim,27.3994,88.3525
West Sikkim,Sikkim,27.39,88.3532
West Sikkim,Sikkim,27.3844,88.3523
West Sikkim,Sikkim,27.3784,88.3532
West Sikkim,Sikkim,27.3741,88.3442
West Sikkim,Sikkim,27.3721,88.3341
West Sikkim,Sikkim,27.3688,88.3255
West Sikkim,Sikkim,27.365,88.3229
West Sikkim,Sikkim,27.3494,88.3177
West Sikkim,Sikkim,27.3461,88.3146
West Sikkim,Sikkim,27.3377,88.2999
West Sikkim,Sikkim,27.3342,88.2953
West Sikkim,Sikkim,27.331,88.293
West Sikkim,Sikkim,27.3269,88.2917
West Sikkim,Sikkim,27.3234,88.2951
West Sikkim,Sikkim,27.3214,88.3002
West Sikkim,Sikkim,27.3188,88.3037
West Sikkim,Sikkim,27.3158,88.3056
West Sikkim,Sikkim,27.3057,88.306
West Sikkim,Sikkim,27.3028,88.3044
West Sikkim,Sikkim,27.2996,88.3015
West Sikkim,Sikkim,27.2972,88.2909
West Sikkim,Sikkim,27.295,88.2856
West Sikkim,Sikkim,27.2883,88.2753
West Sikkim,Sikkim,27.2864,88.2741
West Sikkim,Sikkim,27.2817,88.2734
West Sikkim,Sikkim,27.2783,88.276
West Sikkim,Sikkim,27.2757,88.279
West Sikkim,Sikkim,27.2732,88.2844
West Sikkim,Sikkim,27.2664,88.2916
West Sikkim,Sikkim,27.261,88.299
West Sikkim,Sikkim,27.2566,88.3007
West Sikkim,Sikkim,27.2462,88.3006
West Sikkim,Sikkim,27.237,88.2983
West Sikkim,Sikkim,27.2262,88.3028
West Sikkim,Sikkim,27.2248,88.3055
West Sikkim,Sikkim,27.2233,88.315
West Sikkim,Sikkim,27.2206,88.3181
West Sikkim,Sikkim,27.2045,88.3242
West Sikkim,Sikkim,27.2013,88.3269
West Sikkim,Sikkim,27.1988,88.3269
West Sikkim,Sikkim,27.1946,88.3295
West Sikkim,Sikkim,27.1919,88.324
West Sikkim,Sikkim,27.1889,88.3258
West Sikkim,Sikkim,27.1876,88.3238
West Sikkim,Sikkim,27.1856,88.3148
West Sikkim,Sikkim,27.1817,88.3073
West Sikkim,Sikkim,27.1781,88.3046
West Sikkim,Sikkim,27.1765,88.2996
West Sikkim,Sikkim,27.1737,88.296
West Sikkim,Sikkim,27.1691,88.2952
West Sikkim,Sikkim,27.1643,88.2916
West Sikkim,Sikkim,27.1633,88.2893
West Sikkim,Sikkim,27.1542,88.2856
West Sikkim,Sikkim,27.1511,88.2822
West Sikkim,Sikkim,27.1508,88.2797
West Sikkim,Sikkim,27.1489,88.2773
West Sikkim,Sikkim,27.1446,88.2767
West Sikkim,Sikkim,27.1426,88.2752
West Sikkim,Sikkim,27.1308,88.2781
West Sikkim,Sikkim,27.1312,88.2774
West Sikkim,Sikkim,27.1301,88.2709
West Sikkim,Sikkim,27.1274,88.2635
West Sikkim,Sikkim,27.1254,88.2515
West Sikkim,Sikkim,27.1204,88.2401
West Sikkim,Sikkim,27.1198,88.2325
West Sikkim,Sikkim,27.1214,88.2269
West Sikkim,Sikkim,27.1253,88.2215
West Sikkim,Sikkim,27.1351,88.2138
West Sikkim,Sikkim,27.1334,88.2099
West Sikkim,Sikkim,27.1362,88.1956
West Sikkim,Sikkim,27.1344,88.1885
West Sikkim,Sikkim,27.1352,88.1837
West Sikkim,Sikkim,27.1347,88.179
West Sikkim,Sikkim,27.1303,88.1726
West Sikkim,Sikkim,27.1144,88.1584
West Sikkim,Sikkim,27.1121,88.1554
West Sikkim,Sikkim,27.1117,88.1523
West Sikkim,Sikkim,27.1171,88.1438
West Sikkim,Sikkim,27.1169,88.1366
West Sikkim,Sikkim,27.1231,88.1269
West Sikkim,Sikkim,27.1238,88.1233
West Sikkim,Sikkim,27.1355,88.0959
West Sikkim,Sikkim,27.1363,88.0927
West Sikkim,Sikkim,27.1388,88.0886
West Sikkim,Sikkim,27.1415,88.0858
West Sikkim,Sikkim,27.145,88.0838
West Sikkim,Sikkim,27.1489,88.083
West Sikkim,Sikkim,27.1611,88.0839
West Sikkim,Sikkim,27.165,88.0833
West Sikkim,Sikkim,27.1679,88.0787
West Sikkim,Sikkim,27.1744,88.0731
West Sikkim,Sikkim,27.1793,88.0723
West Sikkim,Sikkim,27.1849,88.0693
West Sikkim,Sikkim,27.1903,88.0675
West Sikkim,Sikkim,27.1944,88.0688
West Sikkim,Sikkim,27.1988,88.0754
West Sikkim,Sikkim,27.2008,88.075
West Sikkim,Sikkim,27.2047,88.0682
West Sikkim,Sikkim,27.2078,88.0643
West Sikkim,Sikkim,27.2113,88.0617
West Sikkim,Sikkim,27.2139,88.0582
West Sikkim,Sikkim,27.2161,88.0468
West Sikkim,Sikkim,27.221,88.0329
West Sikkim,Sikkim,27.2207,88.024
West Sikkim,Sikkim,27.2189,88.017
West Sikkim,Sikkim,27.2247,88.0215
West Sikkim,Sikkim,27.2289,88.0216
West Sikkim,Sikkim,27.2355,88.0218
West Sikkim,Sikkim,27.2355,88.0219
West Sikkim,Sikkim,27.2374,88.0243
West Sikkim,Sikkim,27.2374,88.0244
West Sikkim,Sikkim,27.2369,88.0274
West Sikkim,Sikkim,27.2369,88.0275
West Sikkim,Sikkim,27.2417,88.0268
West Sikkim,Sikkim,27.2418,88.0268
West Sikkim,Sikkim,27.2491,88.0303
West Sikkim,Sikkim,27.2497,88.0334
West Sikkim,Sikkim,27.2516,88.0334
West Sikkim,Sikkim,27.263,88.0332
West Sikkim,Sikkim,27.2656,88.0344
West Sikkim,Sikkim,27.2717,88.0329
West Sikkim,Sikkim,27.2814,88.0356
West Sikkim,Sikkim,27.286,88.0343
West Sikkim,Sikkim,27.2914,88.0407
West Sikkim,Sikkim,27.2914,88.0408
West Sikkim,Sikkim,27.2924,88.0465
West Sikkim,Sikkim,27.3011,88.0436
West Sikkim,Sikkim,27.304,88.0441
West Sikkim,Sikkim,27.3099,88.0477
West Sikkim,Sikkim,27.3123,88.0511
West Sikkim,Sikkim,27.3184,88.052
West Sikkim,Sikkim,27.3243,88.0552
West Sikkim,Sikkim,27.3243,88.0552
West Sikkim,Sikkim,27.3282,88.0627
West Sikkim,Sikkim,27.3283,88.0627
West Sikkim,Sikkim,27.3341,88.0661
West Sikkim,Sikkim,27.3356,88.0692
West Sikkim,Sikkim,27.3366,88.0689
West Sikkim,Sikkim,27.341,88.0673
West Sikkim,Sikkim,27.3427,88.0656
West Sikkim,Sikkim,27.3439,88.0644
West Sikkim,Sikkim,27.3493,88.0624
West Sikkim,Sikkim,27.3553,88.0603
West Sikkim,Sikkim,27.3583,88.0528
West Sikkim,Sikkim,27.3707,88.0444
West Sikkim,Sikkim,27.3797,88.0476
West Sikkim,Sikkim,27.3843,88.0467
West Sikkim,Sikkim,27.3896,88.0473
West Sikkim,Sikkim,27.3955,88.0485
West Sikkim,Sikkim,27.4006,88.0511
West Sikkim,Sikkim,27.4006,88.0511
West Sikkim,Sikkim,27.4052,88.0494
West Sikkim,Sikkim,27.4052,88.0494
West Sikkim,Sikkim,27.4069,88.0522
West Sikkim,Sikkim,27.4126,88.0532
West Sikkim,Sikkim,27.418,88.0594
West Sikkim,Sikkim,27.418,88.0595
West Sikkim,Sikkim,27.4182,88.0608
West Sikkim,Sikkim,27.4246,88.0691
West Sikkim,Sikkim,27.425,88.0697
West Sikkim,Sikkim,27.4264,88.0826
West Sikkim,Sikkim,27.4295,88.0829
West Sikkim,Sikkim,27.4306,88.0821
West Sikkim,Sikkim,27.4307,88.0821
West Sikkim,Sikkim,27.4308,88.082
West Sikkim,Sikkim,27.4318,88.0813
West Sikkim,Sikkim,27.4336,88.0754
West Sikkim,Sikkim,27.4338,88.0753
West Sikkim,Sikkim,27.4385,88.0705
West Sikkim,Sikkim,27.4439,88.0741
West Sikkim,Sikkim,27.4452,88.0751
West Sikkim,Sikkim,27.4452,88.075
West Sikkim,Sikkim,27.4493,88.0698
West Sikkim,Sikkim,27.4522,88.069
West Sikkim,Sikkim,27.4527,88.0681
West Sikkim,Sikkim,27.4576,88.0697
West Sikkim,Sikkim,27.4608,88.063
West Sikkim,Sikkim,27.4613,88.0627
West Sikkim,Sikkim,27.4672,88.0593
West Sikkim,Sikkim,27.4676,88.0587
West Sikkim,Sikkim,27.4715,88.0538
West Sikkim,Sikkim,27.4719,88.0525
West Sikkim,Sikkim,27.4784,88.0466
West Sikkim,Sikkim,27.4813,88.0478
West Sikkim,Sikkim,27.4847,88.0466
West Sikkim,Sikkim,27.4926,88.0472
West Sikkim,Sikkim,27.4927,88.0472
West Sikkim,Sikkim,27.4958,88.0463
West Sikkim,Sikkim,27.5012,88.0492
West Sikkim,Sikkim,27.5041,88.0534
West Sikkim,Sikkim,27.5043,88.0574
West Sikkim,Sikkim,27.5092,88.0601
West Sikkim,Sikkim,27.5118,88.0641
West Sikkim,Sikkim,27.5167,88.06
West Sikkim,Sikkim,27.5251,88.064
West Sikkim,Sikkim,27.5261,88.0698
West Sikkim,Sikkim,27.5293,88.0678
West Sikkim,Sikkim,27.5299,88.0661
West Sikkim,Sikkim,27.5312,88.0624
West Sikkim,Sikkim,27.5327,88.0621
West Sikkim,Sikkim,27.5346,88.0617
West Sikkim,Sikkim,27.5348,88.0616
West Sikkim,Sikkim,27.5397,88.0635
West Sikkim,Sikkim,27.5398,88.0635
West Sikkim,Sikkim,27.5445,88.0677
West Sikkim,Sikkim,27.5461,88.0712
West Sikkim,Sikkim,27.5555,88.0718
West Sikkim,Sikkim,27.5584,88.0786
West Sikkim,Sikkim,27.5584,88.0786
West Sikkim,Sikkim,27.5646,88.0836
West Sikkim,Sikkim,27.5681,88.082
West Sikkim,Sikkim,27.5718,88.0778
West Sikkim,Sikkim,27.589,88.0871
West Sikkim,Sikkim,27.5973,88.0954
West Sikkim,Sikkim,27.6023,88.1082
West Sikkim,Sikkim,27.6103,88.1163
West Sikkim,Sikkim,27.614,88.1169
West Sikkim,Sikkim,27.6116,88.1214
West Sikkim,Sikkim,27.6003,88.1581
West Sikkim,Sikkim,27.5815,88.2042
West Sikkim,Sikkim,27.5738,88.2124
West Sikkim,Sikkim,27.5573,88.2266
West Sikkim,Sikkim,27.5406,88.2323
West Sikkim,Sikkim,27.535,88.2361
West Sikkim,Sikkim,27.5316,88.2426
West Sikkim,Sikkim,27.5259,88.258
West Sikkim,Sikkim,27.513,88.2763
West Sikkim,Sikkim,27.5093,88.2711
West Sikkim,Sikkim,27.5037,88.2661
West Sikkim,Sikkim,27.4982,88.263
West Sikkim,Sikkim,27.4899,88.2608
West Sikkim,Sikkim,27.4619,88.2613
West Sikkim,Sikkim,27.4197,88.2694
West Sikkim,Sikkim,27.412,88.2696
West Sikkim,Sikkim,27.4059,88.274
